[
    {
        "id":1,
        "name":"iPhoneX",
        "url":"https://m.360buyimg.com/mobilecms/s640x312_jfs/t21391/43/1524441884/187612/f770fc7e/5b2c8b50N858b0451.jpg!cr_1125x549_0_72!q70.jpg.dpg",
        "img":"https://m.360buyimg.com/n1/s110x110_jfs/t15787/353/109633918/16701/5a8390ef/5a27ae6dNc530b5bb.jpg!q70.jpg.dpg"
    },{
        "id":2,
        "name":"iPhoneX",
        "url":"https://m.360buyimg.com/mobilecms/s640x312_jfs/t21391/43/1524441884/187612/f770fc7e/5b2c8b50N858b0451.jpg!cr_1125x549_0_72!q70.jpg.dpg",
        "img":"https://m.360buyimg.com/n1/s110x110_jfs/t15787/353/109633918/16701/5a8390ef/5a27ae6dNc530b5bb.jpg!q70.jpg.dpg"
    },
    {
        "id":3,
        "name":"iPhoneX",
        "url":"https://m.360buyimg.com/mobilecms/s640x312_jfs/t21391/43/1524441884/187612/f770fc7e/5b2c8b50N858b0451.jpg!cr_1125x549_0_72!q70.jpg.dpg",
        "img":"https://m.360buyimg.com/n1/s110x110_jfs/t15787/353/109633918/16701/5a8390ef/5a27ae6dNc530b5bb.jpg!q70.jpg.dpg"
    },
    {
        "id":4,
        "name":"iPhoneX",
        "url":"https://m.360buyimg.com/mobilecms/s640x312_jfs/t21391/43/1524441884/187612/f770fc7e/5b2c8b50N858b0451.jpg!cr_1125x549_0_72!q70.jpg.dpg",
        "img":"https://m.360buyimg.com/n1/s110x110_jfs/t15787/353/109633918/16701/5a8390ef/5a27ae6dNc530b5bb.jpg!q70.jpg.dpg"
    },
    {
        "id":5,
        "name":"iPhoneX",
        "img":"https://m.360buyimg.com/n1/s110x110_jfs/t15787/353/109633918/16701/5a8390ef/5a27ae6dNc530b5bb.jpg!q70.jpg.dpg"
    },
    {
        "id":6,
        "name":"iPhoneX",
        "img":"https://m.360buyimg.com/n1/s110x110_jfs/t15787/353/109633918/16701/5a8390ef/5a27ae6dNc530b5bb.jpg!q70.jpg.dpg"
         },
    {
        "id":1,
        "name":"iPhoneX",
        "img":"https://m.360buyimg.com/n1/s110x110_jfs/t15787/353/109633918/16701/5a8390ef/5a27ae6dNc530b5bb.jpg!q70.jpg.dpg"
    },
    {
        "id":7,
        "name":"iPhoneX",
        "img":"https://m.360buyimg.com/n1/s110x110_jfs/t15787/353/109633918/16701/5a8390ef/5a27ae6dNc530b5bb.jpg!q70.jpg.dpg"
         },
    {
        "id":8,
        "name":"iPhoneX",
        "img":"https://m.360buyimg.com/n1/s110x110_jfs/t15787/353/109633918/16701/5a8390ef/5a27ae6dNc530b5bb.jpg!q70.jpg.dpg"
         },
    {
        "id":9,
        "name":"iPhoneX",
        "img":"https://m.360buyimg.com/n1/s110x110_jfs/t15787/353/109633918/16701/5a8390ef/5a27ae6dNc530b5bb.jpg!q70.jpg.dpg"
        },
    {
        "id":10,
        "name":"iPhoneX",
        "img":"https://m.360buyimg.com/n1/s110x110_jfs/t15787/353/109633918/16701/5a8390ef/5a27ae6dNc530b5bb.jpg!q70.jpg.dpg"
          },
    {
        "id":11,
        "name":"iPhoneX",
        "img":"https://m.360buyimg.com/n1/s110x110_jfs/t15787/353/109633918/16701/5a8390ef/5a27ae6dNc530b5bb.jpg!q70.jpg.dpg"
         }
]